{
  "arch": {
    "conv": "Conv1d(4,16,k5,pad2)",
    "fc1": "Linear(528,256)",
    "fc2": "Linear(256,2)"
  },
  "betas": {
    "lif1": 0.8216407299041748,
    "lif2": 0.9108374714851379,
    "lif3": 0.8853067755699158
  },
  "threshold": 0.30000001192092896,
  "params": {
    "conv1_folded": 336,
    "fc1": 135424,
    "fc2": 514,
    "total": 136274
  },
  "memory_kbit": {
    "16bit_total": 2129.28125,
    "8bit_total": 1064.640625,
    "16bit_fc1": 2116.0,
    "8bit_fc1": 1058.0,
    "up5k_onchip": 1144.0,
    "ecp5_25_ebr": 1008.0
  },
  "int8_scales": {
    "conv1": 0.012664137724867767,
    "fc1": 0.0010079369535596352,
    "fc2": 0.0006762752969433942
  }
}